actorId,primaryName,ratings,numVotes,count,averRating,averVote,validCount,p_index,gender,popularity
nm2225369,Jennifer Lawrence,"[6.4, 7.8, 5.4, 7.8, 7.0, 7.2, 7.2, 5.6, 6.7, 7.3, 7.5, 6.7, 6.5, 6.6, 7.7, 7.0, 6.7]","[4420, 587166, 21507, 571500, 262500, 760140, 120342, 63242, 52671, 394072, 545793, 351006, 223240, 106957, 518, 310068, 99942]",26,4.503846153846156,172118.61538461538,17,6,1,20.898911
nm0000329,Jackie Chan,"[5.4, 4.6, 6.5, 6.0, 5.2, 6.6, 5.6, 5.4, 7.4, 5.8, 5.9, 6.7, 7.5, 6.8, 6.2, 4.9, 7.6, 5.8, 5.9, 7.3, 6.6, 7.4, 5.3, 6.8, 7.3, 7.6, 5.7, 6.5, 7.1, 7.2, 7.3, 7.2, 7.2, 7.3, 5.9, 6.5, 6.9, 6.4, 6.8, 7.6, 6.7, 6.4, 6.6, 6.2, 6.9, 7.0, 7.0, 6.8, 6.1, 6.6, 6.9, 6.6, 5.9, 5.2, 5.3, 6.2, 6.2, 5.8, 6.2, 7.0, 6.7, 6.6, 7.1, 6.2, 5.4, 7.3, 7.0, 6.1, 4.1, 7.1, 4.2, 5.9, 5.7, 6.1, 5.2, 6.0, 6.1, 5.3, 5.9, 5.5, 7.6, 4.9]","[1478, 572, 92, 1072, 680, 1658, 1082, 848, 42, 589, 1489, 1824, 8861, 3254, 1473, 1319, 29334, 4006, 1389, 5332, 2756, 12073, 1166, 3500, 9223, 21942, 3244, 3247, 14359, 7310, 5917, 13353, 3675, 15565, 2706, 8127, 16396, 9490, 4708, 37844, 33167, 6916, 16417, 21827, 205705, 145, 69, 30948, 9676, 105375, 68, 174443, 13954, 33477, 68420, 132479, 88741, 74887, 12628, 21283, 10783, 93346, 9937, 135228, 33844, 208269, 13093, 17966, 952, 50535, 186, 5219, 14700, 7228, 904, 11151, 14816, 5663, 2433, 756, 398, 107]",90,5.7700000000000005,21679.266666666666,82,6,2,20.511361
nm0126284,Rose Byrne,"[6.6, 7.0, 5.7, 7.1, 7.1, 7.0, 5.2, 6.2, 7.3, 5.5, 7.0, 7.2, 6.4, 6.8, 6.8, 5.3, 6.3, 6.6, 6.3, 5.7, 7.0, 5.6, 5.7, 6.3, 7.7, 6.3]","[487, 1662, 578, 6150, 2614, 48116, 889, 199848, 207952, 402, 229751, 31238, 155729, 236523, 233106, 28972, 248687, 127915, 171706, 32539, 199131, 6733, 88383, 8480, 56, 1803]",27,6.21111111111111,84053.70370370371,26,8,1,19.728003
nm0424060,Scarlett Johansson,"[6.7, 7.4, 3.9, 6.9, 5.4, 5.7, 6.9, 7.8, 7.2, 6.5, 6.5, 5.6, 6.9, 7.7, 6.7, 6.7, 8.5, 6.2, 7.1, 4.8, 8.1, 6.8, 6.4, 7.1, 6.3, 8.0, 7.8, 6.6, 6.4, 7.3, 7.1, 7.8, 5.2]","[1568, 102964, 1231, 3477, 47020, 21098, 65059, 352269, 23233, 10319, 50635, 66237, 278908, 182271, 73010, 91256, 972351, 51625, 216753, 56063, 1085050, 65192, 143530, 120744, 101389, 419821, 578289, 206723, 373434, 160686, 93341, 469632, 27823]",39,5.6923076923076925,167000.02564102566,33,18,1,19.558434
nm0147147,Henry Cavill,"[5.7, 3.2, 5.4, 7.1, 7.2, 6.0, 4.9, 7.3, 6.3, 6.6]","[190, 956, 10319, 606133, 64252, 146924, 31429, 219729, 11073, 521063]",13,4.592307692307692,124005.23076923074,10,3,2,18.792114
nm0000136,Johnny Depp,"[7.5, 5.2, 6.5, 7.9, 7.4, 7.2, 7.8, 7.9, 7.7, 6.7, 6.3, 6.4, 7.8, 7.7, 6.8, 7.4, 5.3, 6.7, 7.4, 7.5, 7.6, 7.3, 6.4, 7.7, 8.0, 6.6, 6.7, 6.4, 6.2, 6.6, 7.3, 7.4, 7.1, 6.5, 6.2, 7.0, 7.2, 6.5, 6.0, 6.6, 7.7, 6.9, 6.7, 6.3, 6.2, 5.5, 4.3, 7.6]","[169713, 6595, 47760, 392005, 36873, 49303, 186587, 151403, 78979, 43996, 34991, 8331, 243540, 230140, 133702, 210199, 48673, 147129, 290450, 700, 214196, 22008, 139118, 184501, 903051, 160606, 360042, 32708, 91670, 4335, 578094, 306695, 524026, 337477, 217364, 248041, 202437, 198358, 194096, 418490, 7919, 145102, 181350, 193583, 67405, 55733, 8689, 160]",56,5.885714285714285,151934.3392857143,48,25,2,18.74143
nm0004874,Vin Diesel,"[8.0, 7.1, 5.8, 7.0, 6.1, 6.7, 6.1, 5.9, 6.7, 5.6, 5.6, 7.1, 6.6, 5.2, 6.4, 7.3, 6.0, 7.1, 8.1, 7.2, 7.7, 6.7]","[143515, 205951, 1363, 44460, 20697, 301348, 40830, 158431, 196172, 86618, 74536, 29946, 227582, 66672, 137126, 312445, 77926, 330233, 816517, 316251, 339719, 152808]",29,5.034482758620689,140729.1724137931,22,8,2,18.621957
nm0290556,James Franco,"[7.3, 7.0, 6.1, 7.0, 5.7, 7.3, 6.7, 6.4, 7.3, 6.8, 4.6, 6.8, 5.8, 6.5, 6.1, 6.2, 7.0, 6.8, 5.5, 6.6, 7.6, 5.5, 6.2, 4.3, 6.9, 7.6, 5.2, 6.3, 5.5, 5.2, 5.2, 4.8, 4.7, 5.4, 5.7, 4.8, 7.2, 4.5, 4.9, 5.7, 6.3, 6.5, 5.1, 6.3, 6.6, 4.8, 4.8, 7.2, 5.0, 4.6, 7.8, 5.7, 4.4, 4.6, 6.1, 4.8, 6.2, 6.8, 6.4, 6.5, 7.6, 4.0, 7.3, 5.8, 5.8, 5.3]","[598070, 92, 22433, 167, 3685, 461674, 19564, 5817, 34, 47373, 835, 170, 18845, 37828, 4133, 2056, 277700, 11594, 90094, 341044, 449874, 13273, 34061, 823, 61592, 305690, 577, 185823, 4944, 2929, 1068, 6106, 342, 3371, 6498, 8756, 811, 1121, 28, 82, 45685, 92533, 2146, 23696, 271644, 622, 623, 83, 380, 595, 45516, 3218, 469, 16, 2518, 2569, 76054, 36, 32, 24, 13, 1616, 56, 17, 16, 7]",78,5.0641025641025665,46168.73076923077,66,8,2,18.344994
nm0425005,Dwayne Johnson,"[5.5, 6.7, 6.2, 5.7, 5.5, 5.2, 6.9, 6.5, 8.3, 6.2, 6.1, 5.0, 6.5, 5.7, 6.0, 5.8, 6.5, 5.6, 6.3, 5.8, 7.3, 7.1, 6.4, 6.1, 5.2, 7.2, 7.2, 7.6, 6.7]","[113049, 88536, 58176, 62411, 33994, 93638, 36510, 179246, 12, 49176, 44571, 34252, 70878, 47686, 127699, 75738, 86632, 91116, 112877, 156805, 312445, 330233, 175651, 172552, 16502, 71831, 316251, 178506, 152808]",45,4.06222222222222,73106.24444444443,29,3,2,17.492743
nm0000375,Robert Downey Jr.,"[6.4, 5.2, 5.8, 4.5, 6.4, 6.7, 5.7, 6.5, 4.1, 7.6, 6.9, 6.5, 6.6, 6.7, 4.6, 5.7, 5.5, 6.5, 5.6, 7.4, 5.6, 6.0, 5.8, 7.9, 7.6, 7.1, 6.5, 7.0, 5.9, 7.7, 7.0, 6.7, 8.1, 7.0, 7.6, 7.0, 6.6, 7.2, 7.5, 7.4, 7.5, 7.4, 7.1, 7.3, 7.8]","[15817, 5474, 3200, 5108, 9234, 3697, 23716, 12533, 343, 46843, 14043, 17029, 10086, 7982, 650, 9684, 11411, 84041, 6297, 57064, 7505, 5466, 95859, 773846, 192103, 95903, 14008, 59037, 2310, 355279, 23226, 46518, 1085050, 333142, 520976, 586205, 290651, 619944, 372204, 153343, 279126, 559421, 477, 160686, 469632]",50,5.944,148923.38,45,24,2,16.527445
nm0413168,Hugh Jackman,"[6.4, 7.4, 6.5, 6.4, 6.5, 6.1, 7.5, 6.1, 6.5, 6.7, 7.3, 6.6, 7.1, 6.6, 6.7, 6.6, 8.5, 6.1, 7.4, 7.0, 8.1, 6.7, 7.3, 8.0, 7.6, 6.8, 8.0, 8.1, 5.8]","[70351, 502293, 1772, 437, 163486, 21370, 449908, 215775, 147536, 423229, 207125, 94620, 272143, 109294, 73010, 405975, 972351, 34874, 64580, 62, 469259, 372711, 136386, 66914, 268085, 200226, 577465, 449375, 51467]",35,5.782857142857143,194916.5428571429,29,19,2,16.229675
nm1165110,Chris Hemsworth,"[7.0, 6.0, 5.4, 7.0, 6.9, 7.0, 6.1, 8.1, 7.0, 6.1, 7.4, 5.4, 8.0]","[605035, 8165, 66329, 311827, 98519, 7174, 246966, 360442, 473559, 75858, 559421, 45452, 234150]",16,5.4625,193306.0625,13,7,2,16.196494
nm1020089,Sally Hawkins,"[7.0, 7.2, 5.6, 7.2, 7.3, 5.6, 6.4, 7.3, 7.2, 7.7, 8.2, 7.8]","[34178, 65901, 808, 12238, 74979, 4952, 10702, 168305, 23386, 6462, 13387, 71021]",14,6.0357142857142865,34737.07142857143,12,2,1,14.551705
nm0000148,Harrison Ford,"[6.0, 8.6, 6.4, 6.4, 6.1, 8.8, 8.5, 8.2, 8.3, 7.6, 7.4, 6.6, 6.9, 6.7, 8.3, 6.9, 6.7, 6.9, 7.8, 6.9, 6.3, 6.5, 6.1, 5.8, 5.1, 6.6, 8.2, 6.7, 5.3, 6.2, 5.8, 6.0, 7.5, 6.8, 6.9, 6.5, 6.5, 5.7, 7.2, 6.7, 8.2, 7.5, 7.4]","[1367, 1034284, 14503, 7432, 3906, 961961, 742244, 566103, 790247, 371577, 72997, 23438, 42501, 45100, 581414, 32147, 25556, 88085, 231362, 75836, 32036, 158629, 50365, 65143, 17988, 105051, 10, 52892, 32909, 365862, 52265, 186258, 72728, 20855, 52, 63538, 15141, 31513, 123945, 201091, 240587, 12, 386]",44,6.761363636363638,172757.18181818182,43,34,2,14.419894
nm0000151,Morgan Freeman,"[7.1, 6.7, 6.7, 7.4, 7.9, 6.1, 7.4, 6.9, 7.2, 8.2, 9.3, 6.6, 8.6, 5.6, 6.5, 7.3, 6.6, 7.5, 6.1, 5.8, 6.4, 6.5, 6.3, 6.2, 5.7, 6.3, 5.5, 6.5, 6.7, 4.9, 7.0, 7.0, 5.3, 7.0, 8.1, 5.4, 7.8, 7.6, 5.7, 7.7, 6.7, 6.7, 6.7, 7.4, 7.4, 7.6, 6.0, 6.6, 7.1, 7.0, 6.9, 7.0, 6.3, 7.4, 6.5, 6.2, 6.4, 6.2, 6.4, 5.5, 5.9, 7.4, 3.8]","[13281, 650, 4958, 81790, 108708, 7632, 15711, 157043, 8070, 312088, 1914155, 96752, 1166827, 43217, 3621, 61973, 55552, 589, 143920, 28902, 92275, 19593, 63971, 31104, 70, 33366, 81252, 5940, 325862, 16626, 90630, 25950, 13856, 871, 542585, 123375, 279440, 50872, 21643, 218412, 323021, 13409, 14954, 202440, 134457, 9, 30717, 116051, 258429, 426939, 19448, 15118, 193583, 522, 222960, 32668, 373434, 6627, 6913, 10962, 111724, 135, 904]",68,6.208823529411763,129096.41176470587,63,31,2,14.354621
nm0000198,Gary Oldman,"[7.1, 7.4, 6.0, 5.7, 6.4, 7.6, 7.3, 8.0, 7.5, 6.6, 7.5, 8.6, 7.3, 5.2, 6.5, 7.7, 5.1, 7.7, 7.0, 6.8, 6.5, 4.6, 4.6, 5.3, 5.7, 6.5, 6.9, 6.8, 4.8, 4.8, 6.2, 7.1, 8.4, 5.7, 5.4, 6.8, 7.4, 6.9, 7.6, 5.9, 6.3, 8.1, 6.4, 7.4, 5.8]","[25578, 4935, 1593, 3007, 1560, 18448, 18153, 124037, 159924, 11614, 20498, 832772, 23526, 12927, 158629, 378375, 62196, 25746, 21374, 225018, 1365, 1628, 3904, 3033, 4777, 52886, 251763, 84457, 44909, 1089, 196639, 164374, 1283108, 31513, 97860, 880, 73, 114940, 366602, 6795, 45172, 13, 31536, 44857, 6]",47,6.317021276595745,105618.91489361702,45,19,2,13.74303
nm0000115,Nicolas Cage,"[6.4, 7.3, 6.8, 5.4, 6.3, 7.1, 7.4, 5.9, 4.7, 5.3, 7.2, 4.4, 5.8, 7.0, 5.6, 3.8, 6.2, 6.3, 5.9, 5.9, 7.6, 7.4, 6.8, 7.3, 6.7, 6.0, 6.5, 6.8, 6.5, 6.7, 5.9, 6.0, 5.2, 5.6, 7.7, 7.3, 6.9, 6.3, 6.6, 7.6, 5.9, 6.2, 6.2, 3.7, 6.5, 6.0, 5.4, 7.2, 5.4, 6.1, 4.3, 6.6, 6.2, 7.7, 4.4, 5.4, 4.6, 5.5, 5.3, 6.4, 5.2, 6.9, 5.0, 3.1, 5.3, 4.7, 5.4, 5.2, 4.6, 5.0, 5.2, 5.6, 4.0, 6.5, 8.2, 9.3]","[10967, 18773, 3522, 929, 28968, 39731, 109539, 10766, 5139, 530, 68976, 2983, 15259, 17164, 7660, 2415, 13766, 30122, 10883, 15185, 100826, 278456, 243292, 307164, 101824, 68331, 110889, 56464, 234414, 92468, 29862, 59725, 197789, 1499, 156726, 113479, 272666, 28326, 72419, 265861, 32545, 133838, 199848, 57050, 196031, 71484, 81630, 166542, 50988, 136002, 96699, 68239, 41344, 473136, 8098, 86511, 10575, 39691, 37421, 48317, 7501, 40200, 20417, 29190, 4466, 4158, 14194, 12370, 5135, 4799, 3388, 3823, 2616, 3748, 275, 18]",82,5.589024390243901,65829.80487804877,76,16,2,13.367778
nm3729721,Dylan O'Brien,"[6.9, 6.8, 6.2, 6.3, 6.9]","[57593, 357557, 38499, 176721, 21804]",5,6.62,130434.8,5,3,2,13.21662
nm0000093,Brad Pitt,"[4.2, 5.7, 4.8, 5.8, 7.3, 6.7, 5.3, 7.6, 7.5, 8.6, 8.0, 7.6, 5.5, 6.1, 7.2, 7.0, 8.8, 6.7, 8.3, 6.1, 7.8, 7.1, 7.2, 6.5, 6.5, 8.3, 7.8, 7.5, 7.5, 6.8, 6.9, 7.0, 7.0, 7.3, 7.6, 7.8, 6.2, 8.1, 7.6, 7.1, 5.2, 6.0]","[3487, 1890, 18104, 3260, 45853, 45260, 2246, 259394, 124202, 1166827, 511137, 166338, 2989, 50365, 184068, 105885, 1533039, 40845, 669690, 93084, 443692, 129093, 423128, 311574, 388309, 1018664, 506318, 149126, 261529, 148819, 279836, 518442, 269601, 192306, 307616, 274180, 119479, 521915, 351482, 105889, 13825, 27730]",45,6.480000000000002,262011.46666666673,42,46,2,13.046934
nm0000204,Natalie Portman,"[8.6, 6.5, 6.6, 7.6, 6.2, 6.8, 7.5, 7.3, 8.2, 5.9, 6.9, 6.2, 6.7, 7.1, 6.7, 7.0, 6.3, 8.0, 6.4, 6.0, 5.5, 7.1, 6.2, 6.7, 7.0, 5.8, 5.7, 5.9, 8.1, 4.7]","[832772, 607616, 531512, 592582, 15585, 28913, 195879, 180766, 887693, 2637, 26725, 38159, 91256, 96994, 47387, 605035, 41686, 606387, 16755, 2381, 90094, 46763, 185665, 56752, 473559, 11597, 19843, 16720, 56, 1793]",36,5.588888888888887,176432.27777777778,30,17,1,12.912133
nm0185819,Daniel Craig,"[5.3, 6.4, 6.1, 6.5, 5.3, 6.7, 6.9, 6.3, 7.1, 6.4, 7.4, 8.0, 6.1, 6.7, 7.6, 6.0, 7.1, 5.9, 6.6, 7.4, 7.2, 6.8, 7.8, 6.0, 7.8, 7.9, 6.8, 7.1, 4.7]","[310, 2964, 2081, 998, 369, 896, 3621, 9449, 99527, 9251, 144587, 512001, 159829, 14823, 189574, 186258, 15052, 68565, 359234, 191546, 125054, 11016, 564569, 55824, 364053, 2111, 327803, 66350, 107]",30,6.463333333333334,116260.73333333337,29,14,2,12.803627
nm0000168,Samuel L. Jackson,"[4.5, 5.7, 6.0, 5.6, 6.1, 7.6, 8.9, 7.6, 6.7, 5.9, 5.4, 6.7, 7.4, 6.7, 7.3, 7.3, 7.5, 6.1, 7.3, 7.6, 5.8, 6.4, 5.9, 5.9, 7.2, 6.3, 6.0, 6.5, 6.5, 5.5, 5.9, 5.2, 5.2, 8.0, 4.4, 6.1, 5.1, 7.3, 5.5, 8.3, 6.7, 5.5, 6.8, 6.9, 7.0, 4.2, 6.1, 5.6, 4.3, 4.8, 6.1, 7.1, 6.1, 6.5, 7.6, 5.8, 5.4, 5.3, 7.8, 6.5, 5.6, 6.7, 6.9, 5.4, 5.7, 5.7, 6.2, 7.7, 7.8, 6.7, 7.8]","[991, 436, 5973, 7660, 39956, 10512, 1495708, 323117, 5678, 15185, 7713, 64640, 111465, 19545, 7436, 32321, 263378, 88888, 115761, 592582, 107838, 39939, 62411, 5864, 288094, 44722, 126818, 53548, 61202, 6352, 158431, 274, 18212, 534069, 60017, 2320, 14062, 103035, 22936, 1134, 19160, 121600, 230235, 580052, 56232, 4457, 260257, 9721, 19154, 56063, 34447, 77344, 43572, 8358, 5497, 57584, 14659, 10631, 578289, 69142, 8555, 124509, 114940, 25785, 11, 16158, 125, 495787, 379846, 193247, 10433]",81,5.570370370370371,105507.07407407409,71,23,2,12.762979
nm0000138,Leonardo DiCaprio,"[7.3, 7.8, 7.3, 6.4, 6.6, 6.7, 6.8, 5.9, 7.8, 6.3, 6.5, 6.6, 7.5, 8.1, 7.5, 8.5, 8.0, 7.1, 7.3, 8.2, 8.1, 7.3, 8.8, 7.8, 6.6, 8.0, 8.4]","[39494, 186587, 88326, 74298, 11562, 22145, 183932, 3565, 881854, 21945, 137638, 195517, 348132, 636312, 289814, 986891, 438338, 188676, 165777, 926817, 911631, 404172, 1674782, 3750, 110784, 546053, 1102621]",35,5.691428571428572,302326.0857142857,27,26,2,12.713358
nm0262635,Chris Evans,"[5.7, 5.7, 5.7, 6.5, 6.6, 6.8, 6.8, 7.3, 6.6, 6.3, 6.9, 6.1, 6.4, 5.6, 6.1, 8.1, 5.9, 6.9, 6.9, 7.0, 7.8, 6.0, 7.4, 7.8, 7.6]","[283928, 86265, 21098, 83836, 5816, 99501, 36826, 207952, 20433, 56336, 580052, 96474, 79454, 227203, 64445, 1085050, 2032, 61592, 20550, 214599, 578289, 20235, 559421, 469632, 59594]",27,6.166666666666668,185948.62962962964,25,18,2,12.492794
nm0005458,Jason Statham,"[8.2, 7.3, 8.3, 4.4, 4.9, 5.9, 6.8, 6.5, 6.5, 6.3, 6.5, 6.6, 6.4, 3.8, 6.6, 7.0, 6.3, 6.1, 6.2, 6.1, 6.2, 6.5, 8.4, 6.5, 6.5, 6.2, 6.2, 7.5, 5.6, 6.5, 6.1, 7.2, 7.0, 5.7, 6.7]","[460333, 160659, 669690, 1029, 45957, 82549, 257087, 83836, 80341, 170625, 46770, 20433, 179242, 40376, 133977, 211632, 77474, 36870, 124054, 138983, 73710, 293132, 389, 112817, 91408, 57404, 99505, 236, 42661, 92533, 145016, 316251, 199131, 57674, 152808]",41,5.499999999999997,116014.43902439026,35,12,2,12.331521
nm0000230,Sylvester Stallone,"[2.8, 4.7, 5.9, 5.7, 6.2, 8.1, 6.4, 5.8, 7.2, 6.4, 6.6, 7.7, 6.8, 3.7, 6.4, 6.8, 5.7, 5.7, 5.7, 6.4, 6.4, 5.2, 6.4, 4.1, 6.4, 6.6, 5.5, 6.3, 5.5, 5.8, 6.9, 6.6, 4.5, 5.3, 5.1, 5.2, 7.0, 7.2, 3.9, 6.7, 5.7, 6.5, 6.4, 6.6, 6.1, 5.6, 7.6, 7.5]","[1905, 552, 2957, 2208, 21542, 430473, 6088, 3867, 156570, 13852, 23114, 189127, 141158, 6078, 129042, 152735, 56208, 41948, 101638, 32785, 82995, 105074, 25664, 34115, 104764, 136328, 54932, 68590, 96827, 57775, 75244, 133049, 36172, 21103, 29282, 7646, 192547, 177687, 5784, 196461, 42538, 293132, 51043, 265366, 145016, 8002, 190065, 11]",54,5.3574074074074085,76871.46296296296,48,11,2,12.190794
nm0000234,Charlize Theron,"[6.5, 6.9, 7.5, 5.7, 5.6, 7.4, 5.3, 6.4, 6.7, 5.7, 7.2, 5.5, 6.7, 6.2, 7.0, 6.6, 7.3, 6.9, 6.3, 7.3, 5.5, 6.4, 7.2, 6.2, 7.3, 6.8, 7.5, 8.1, 7.0, 6.3, 6.1, 6.1, 6.2, 6.7, 6.1, 4.6, 7.8, 7.3]","[16614, 54236, 284716, 5507, 24739, 84317, 48673, 17433, 48621, 33649, 96367, 5178, 76157, 20943, 307374, 13309, 116718, 13609, 28326, 35237, 115748, 384026, 63542, 5179, 195114, 16687, 32, 690867, 512342, 69028, 246966, 75858, 34437, 106134, 151054, 2844, 89096, 59]",40,6.2475,102268.4,38,15,1,12.101441
nm0000129,Tom Cruise,"[5.9, 4.9, 6.8, 6.5, 7.0, 6.9, 5.8, 8.0, 7.2, 5.9, 6.5, 7.7, 6.8, 7.6, 7.3, 7.1, 7.4, 6.1, 8.0, 7.7, 6.9, 7.5, 6.9, 7.7, 7.6, 6.5, 7.0, 6.2, 7.1, 6.3, 7.4, 5.9, 7.0, 7.9, 5.5, 7.4, 6.1, 7.2]","[13424, 3399, 67990, 50903, 63662, 242139, 67432, 416437, 84388, 66661, 51769, 200186, 97597, 259394, 208273, 329532, 252617, 265379, 257858, 439952, 222113, 1383, 280565, 347190, 317303, 364432, 263044, 43456, 201431, 160325, 394784, 66466, 426939, 501218, 122268, 272809, 99530, 83406]",41,6.370731707317072,185552.53658536586,38,29,2,12.017384
nm0000293,Sean Bean,"[7.4, 6.7, 6.3, 7.4, 6.2, 6.9, 6.6, 7.2, 6.0, 6.4, 8.8, 6.1, 7.5, 6.3, 6.8, 6.9, 6.6, 6.3, 5.4, 5.6, 5.8, 8.2, 6.2, 5.0, 5.5, 6.0, 6.4, 5.6, 6.3, 5.3, 4.3, 4.6, 5.0, 5.3, 6.9, 6.3]","[58, 4199, 3040, 4768, 202, 88085, 7978, 212761, 1971, 4927, 1386598, 3393, 282181, 43268, 885, 272666, 192544, 136317, 9651, 37117, 11711, 34, 2541, 54094, 2523, 8165, 39050, 8707, 18509, 156715, 6555, 153, 925, 4303, 16378, 150]",37,6.110810810810813,81706.0,36,11,2,11.796318
nm0000354,Matt Damon,"[6.9, 8.3, 7.1, 7.3, 8.6, 6.6, 7.3, 7.4, 6.7, 5.8, 7.1, 5.5, 7.8, 7.9, 6.2, 5.8, 6.7, 5.9, 7.0, 7.8, 8.5, 7.5, 8.0, 6.5, 7.1, 5.5, 6.9, 7.7, 6.8, 7.4, 6.5, 6.5, 7.1, 5.7, 7.1, 7.6, 6.6, 6.6, 7.2, 6.9, 6.0, 6.6, 6.1, 7.0, 8.0, 6.6, 6.1, 7.7]","[19513, 697323, 51337, 191606, 1007608, 54579, 129666, 151825, 48621, 12001, 51908, 4183, 443692, 450005, 16138, 47128, 91171, 105410, 116225, 386048, 986891, 730, 548626, 14018, 485, 13270, 279836, 97282, 117742, 134457, 56359, 84306, 216016, 22205, 120744, 264826, 373826, 192462, 15, 214, 94048, 32765, 111908, 6, 603785, 171035, 10, 46]",52,6.413461538461538,165651.92307692303,48,33,2,11.599721
nm0000206,Keanu Reeves,"[5.5, 7.1, 6.4, 6.4, 5.7, 6.9, 6.2, 6.2, 7.1, 7.2, 7.5, 6.0, 7.4, 7.2, 5.6, 6.7, 5.6, 5.4, 7.5, 5.8, 8.7, 6.4, 6.5, 5.3, 6.7, 5.4, 6.7, 7.2, 6.7, 6.6, 6.7, 7.0, 7.1, 6.8, 6.8, 6.6, 5.5, 6.0, 6.3, 4.1, 6.2, 6.1, 7.3, 6.2, 4.9, 4.3, 5.3, 7.5]","[478, 13158, 2075, 1584, 903, 92439, 1538, 53721, 41095, 127008, 159924, 13472, 39992, 284556, 59642, 27089, 43217, 9574, 284716, 1806, 1375393, 24265, 51778, 23370, 55982, 106, 76157, 453757, 393543, 19546, 98242, 258934, 95903, 123176, 99501, 38, 148748, 16774, 128105, 3309, 61358, 30953, 373463, 15578, 60525, 9954, 13853, 214806]",56,5.4696428571428575,97948.28571428572,48,14,2,11.468442
nm1055413,Michael Fassbender,"[5.4, 5.9, 6.8, 6.4, 4.7, 7.4, 7.3, 7.8, 7.0, 5.8, 6.5, 7.0, 7.2, 5.1, 8.1, 5.8, 7.2, 5.8, 5.3, 6.5, 8.0, 7.2, 6.7, 5.9, 7.0]","[10319, 4772, 65032, 70360, 49264, 70451, 52362, 571500, 512342, 76259, 88541, 64905, 161966, 28322, 521915, 11597, 126942, 147277, 87856, 186037, 3065, 37103, 45224, 5451, 310068]",28,5.85,118176.07142857145,25,10,2,11.459877
nm0000242,Mark Wahlberg,"[6.2, 7.9, 7.1, 6.2, 6.1, 5.7, 6.4, 6.0, 6.4, 6.2, 4.8, 7.0, 6.7, 6.7, 8.5, 6.9, 7.1, 5.4, 6.9, 7.2, 5.0, 7.8, 7.5, 6.2, 6.7, 6.3, 6.7, 6.5, 6.1, 7.0, 7.2, 6.4, 6.0, 5.7, 3.9, 6.3, 5.2, 7.4, 7.1, 6.0]","[34747, 206461, 147060, 1571, 26047, 193389, 17433, 16120, 141080, 36880, 9010, 307374, 59046, 136116, 986891, 118976, 57057, 113608, 76555, 277372, 176497, 300080, 230541, 68684, 171905, 137698, 208020, 107338, 82015, 511783, 114812, 175651, 55309, 268527, 8, 148655, 90094, 60500, 13795, 17109]",45,5.742222222222222,131151.42222222226,40,17,2,11.390505
nm0000982,Josh Brolin,"[7.8, 6.6, 5.0, 6.1, 6.2, 5.7, 5.9, 6.5, 6.3, 8.1, 7.8, 7.6, 6.2, 4.7, 7.1, 6.3, 6.3, 5.8, 7.6, 6.8, 6.7, 6.9, 7.6, 7.8, 7.9]","[199319, 2905, 1373, 7230, 6626, 109335, 526, 129482, 99259, 699095, 348090, 147980, 89772, 49264, 180104, 42880, 39873, 57584, 264826, 288078, 74821, 35892, 275410, 16164, 139]",31,5.396774193548388,102129.90322580644,25,7,2,11.33634
nm0000949,Cate Blanchett,"[6.1, 6.7, 6.8, 6.0, 6.0, 6.8, 7.5, 7.4, 6.2, 6.7, 6.5, 6.4, 7.1, 6.9, 6.5, 7.5, 7.3, 6.2, 7.0, 6.3, 6.9, 7.8, 7.5, 6.1, 7.4, 7.7, 6.7, 6.8, 7.8, 6.9, 6.5, 5.7, 6.1, 7.4, 7.3, 7.2, 6.8, 6.7, 8.0, 6.8, 6.8, 5.5]","[63, 5973, 4582, 561, 25991, 30062, 81351, 151825, 13206, 55982, 60146, 9590, 21484, 17284, 29508, 289814, 154823, 365862, 51302, 7702, 59014, 506318, 261529, 22469, 68213, 97282, 228138, 169425, 249289, 126649, 2481, 19843, 111908, 407237, 168305, 87054, 1055, 98, 234150, 15361, 3075, 13]",48,5.964583333333335,87833.6875,42,13,1,11.320837
nm1374980,Zac Efron,"[4.6, 6.4, 6.8, 6.5, 6.5, 5.6, 6.4, 8.0, 5.8, 6.2, 5.9, 6.7, 5.6, 6.3, 6.4, 6.0, 6.2, 5.7]","[48815, 157842, 9864, 87411, 51767, 91116, 84744, 66914, 31879, 86032, 87833, 32191, 6361, 248687, 13148, 65565, 28862, 88383]",21,5.314285714285715,61305.42857142857,18,3,2,10.922287
nm0001401,Angelina Jolie,"[6.2, 6.2, 5.2, 5.6, 6.0, 4.9, 6.7, 5.8, 7.4, 4.3, 6.5, 6.0, 5.8, 6.5, 6.0, 5.5, 6.7, 6.1, 5.6, 6.5, 6.2, 5.0, 7.6, 6.2, 6.7, 7.8, 6.7, 6.4, 6.0, 7.3, 7.0, 7.1, 5.2]","[58621, 7541, 2124, 6738, 25991, 2242, 132357, 171244, 138356, 776, 234414, 48169, 20926, 24145, 145056, 112377, 91171, 76201, 148041, 388309, 70456, 71, 347832, 149839, 323021, 213045, 25133, 263894, 194096, 208269, 282248, 99928, 13825]",37,5.532432432432432,108823.13513513512,33,11,1,10.784771
nm0000246,Bruce Willis,"[5.9, 8.2, 5.7, 5.9, 5.5, 7.1, 5.9, 5.8, 7.0, 5.7, 6.5, 5.8, 5.1, 7.4, 4.4, 8.9, 7.6, 8.0, 6.8, 6.4, 7.7, 6.4, 6.6, 4.6, 6.1, 6.3, 5.9, 8.1, 6.7, 7.2, 6.1, 6.5, 6.3, 6.6, 6.7, 5.5, 7.2, 6.6, 8.0, 6.9, 6.6, 5.7, 6.3, 6.3, 6.3, 4.6, 4.8, 7.1, 7.4, 4.9, 5.6, 5.3, 7.8, 4.4, 6.7, 5.7, 5.5, 4.2, 5.5, 4.0, 4.6, 5.2, 4.9, 5.0]","[18179, 664456, 3387, 2423, 19154, 294469, 10222, 46330, 81746, 7346, 87703, 36057, 20121, 16002, 11994, 1495708, 323117, 511137, 46104, 47734, 378375, 94313, 350654, 7145, 58700, 61965, 19436, 784319, 97347, 288094, 36575, 60146, 46525, 100719, 138798, 49026, 356768, 98585, 695753, 92273, 117947, 40473, 21927, 158716, 14636, 14765, 9753, 258429, 471665, 31429, 78888, 178783, 268485, 19044, 139345, 22502, 8459, 13437, 13147, 7237, 6249, 10113, 4707, 1987]",72,5.499999999999999,131542.05555555553,64,25,2,10.646661
nm0000158,Tom Hanks,"[6.3, 6.2, 5.7, 5.5, 5.9, 6.3, 5.9, 5.9, 7.3, 5.8, 6.9, 6.1, 5.5, 5.7, 7.2, 7.7, 6.8, 8.8, 7.6, 8.3, 6.9, 7.9, 8.5, 8.6, 6.6, 7.8, 7.7, 8.1, 6.2, 6.6, 7.3, 6.6, 8.3, 6.5, 7.1, 6.9, 6.7, 7.2, 7.5, 7.8, 6.1, 7.5, 6.1, 6.2, 7.5, 7.6, 5.3, 7.3]","[31127, 59635, 12994, 7270, 1892, 42248, 5453, 27899, 167250, 7027, 57115, 53848, 19154, 30286, 78542, 194974, 135315, 1446952, 229650, 715109, 54236, 430050, 908470, 1007608, 167137, 440578, 217360, 636312, 89896, 141329, 339267, 351657, 620234, 12520, 95564, 88986, 237777, 229, 310489, 362957, 54852, 130749, 31155, 119165, 171502, 238386, 56181, 36627]",54,6.144444444444447,197685.42592592593,48,36,2,10.635981
nm0362766,Tom Hardy,"[5.5, 6.8, 4.2, 7.4, 3.6, 6.1, 5.0, 5.7, 6.5, 6.3, 7.1, 7.3, 8.2, 7.1, 8.4, 8.1, 6.3, 7.1, 8.0, 7.1, 7.0, 8.1]","[890, 7773, 820, 144587, 3919, 4664, 1126, 7505, 52886, 137, 101014, 202959, 373897, 164374, 1283108, 690867, 159823, 123045, 546053, 108400, 121708, 345029]",35,4.197142857142857,126988.11428571428,22,5,2,10.616205
nm0000112,Pierce Brosnan,"[5.5, 6.5, 6.1, 5.6, 6.5, 5.4, 5.6, 4.0, 6.9, 7.2, 5.6, 6.3, 5.9, 5.9, 6.5, 6.0, 6.4, 6.8, 6.1, 6.1, 7.0, 5.9, 7.5, 6.8, 6.3, 6.4, 6.3, 6.7, 6.7, 7.8, 6.4, 7.2, 6.7, 5.3, 6.4, 5.8, 4.9, 6.8, 6.6, 5.7, 6.3, 5.4, 8.0, 5.6, 5.0]","[3075, 7682, 808, 1223, 757, 30089, 2800, 367, 203644, 212761, 228, 186669, 10578, 68759, 160267, 3040, 167856, 77902, 25331, 182221, 5723, 20048, 2642, 41797, 40613, 27743, 4392, 26361, 27339, 8198, 161904, 142207, 8003, 4036, 113, 10024, 17698, 63632, 11294, 10779, 55912, 11328, 32, 25804, 7319]",52,5.392307692307693,40019.19230769231,45,5,2,10.535896
nm1089991,Tom Hiddleston,"[5.6, 7.0, 5.7, 6.0, 6.3, 7.3, 7.0, 5.4, 6.5, 8.8, 8.0, 6.7, 6.4]","[29791, 605035, 4821, 1754, 12865, 73415, 473559, 760, 108048, 1162, 234150, 193247, 1505]",14,6.192857142857143,124293.71428571428,13,6,2,10.487366
nm0000125,Sean Connery,"[5.8, 7.2, 6.2, 5.7, 7.3, 7.5, 7.8, 7.2, 6.8, 7.9, 7.0, 5.9, 6.9, 5.5, 6.9, 6.4, 6.7, 7.1, 7.1, 5.8, 7.3, 7.9, 5.7, 7.0, 5.1, 6.6, 7.4, 5.7, 7.0, 4.9, 7.0, 6.6, 6.1, 7.6, 4.4, 5.8, 6.2, 7.2, 7.8, 7.9, 6.0, 5.7, 8.3, 7.6, 6.1, 4.1, 6.0, 6.2, 5.0, 5.9, 6.4, 6.4, 7.4, 3.7, 6.3, 7.1, 7.3, 5.8, 9.6]","[477, 5720, 426, 353, 126529, 98621, 150296, 37628, 1261, 10323, 89510, 960, 82543, 2222, 2832, 5674, 81203, 1480, 4564, 16499, 44651, 38671, 1384, 7071, 528, 9657, 44135, 2048, 12956, 5744, 49965, 23513, 810, 85, 1651, 1400, 52826, 106665, 88913, 238851, 14123, 10429, 581414, 155074, 12505, 39169, 18719, 37663, 2051, 60135, 21311, 83091, 278456, 37157, 95369, 17314, 76445, 150726, 5]",59,6.555932203389831,53250.864406779656,59,14,2,10.469287
nm0001570,Edward Norton,"[6.8, 7.3, 7.7, 8.5, 7.3, 8.8, 7.0, 6.4, 6.8, 6.4, 7.2, 7.7, 7.0, 6.4, 7.6, 7.5, 6.7, 6.8, 6.5, 6.7, 5.4, 7.1, 7.8, 6.8, 9.3]","[32224, 77241, 148588, 879255, 129666, 1533039, 160, 46676, 108441, 36120, 219372, 157806, 307374, 17082, 322037, 82695, 55589, 359255, 25049, 254423, 37108, 30, 470935, 65575, 33]",26,6.903846153846157,206375.88461538465,25,25,2,10.252544
nm0695435,Chris Pratt,"[3.6, 7.0, 4.4, 6.2, 7.0, 7.8, 6.1, 7.4, 8.1, 6.4, 6.9, 7.7, 6.4]","[198, 482380, 2876, 84069, 262500, 281004, 21062, 235879, 816517, 66459, 148253, 339719, 5]",17,5.000000000000001,161230.64705882352,13,5,2,10.228799
nm0000098,Jennifer Aniston,"[4.7, 6.2, 6.0, 5.5, 6.0, 8.0, 7.8, 3.9, 6.2, 6.5, 6.7, 5.9, 6.6, 5.5, 5.8, 5.8, 7.1, 6.1, 5.6, 6.4, 5.5, 5.9, 6.4, 5.6, 5.8, 5.8, 7.0, 6.1, 6.3, 6.4, 7.1, 6.8, 5.6]","[19075, 2443, 14878, 17151, 16752, 143515, 215955, 279, 36880, 40056, 325862, 113263, 65874, 45033, 21771, 110327, 128292, 85542, 27460, 142266, 105822, 15728, 189259, 66157, 14495, 46760, 349262, 20353, 132996, 31172, 147, 44075, 24174]",38,5.3315789473684205,68765.1052631579,33,6,1,10.206113
nm0829576,Kristen Stewart,"[6.8, 6.1, 5.2, 7.4, 6.5, 5.4, 6.8, 6.6, 6.8, 5.2, 7.0, 4.7, 4.9, 4.9, 5.5, 6.1, 6.7, 6.9, 6.0, 6.1, 7.5, 6.1, 6.4, 6.6, 6.2, 7.6]","[224478, 36144, 8631, 22433, 29176, 35350, 7261, 42211, 140701, 371880, 21381, 235685, 196226, 199084, 201163, 246966, 22557, 34386, 20171, 70002, 105973, 3191, 8005, 54428, 22709, 84]",29,5.586206896551723,81388.8275862069,26,7,1,10.070971
nm0000553,Liam Neeson,"[5.8, 6.6, 6.6, 6.3, 5.9, 4.8, 5.7, 5.8, 6.4, 6.1, 6.4, 6.5, 6.3, 5.0, 8.9, 6.5, 6.9, 6.1, 7.2, 7.5, 6.5, 5.7, 4.9, 5.6, 7.0, 7.6, 7.2, 5.7, 5.6, 7.1, 6.5, 8.3, 7.3, 6.8, 6.7, 7.2, 5.8, 5.9, 7.7, 7.8, 5.5, 6.7, 6.3, 6.3, 6.9, 5.8, 7.4, 6.5, 6.8, 7.1, 5.8, 7.2, 5.8, 7.0, 6.6, 6.4, 6.0, 6.1, 7.2, 7.8, 7.9, 6.2, 6.4, 8.5, 5.9]","[58, 412, 7796, 33971, 1370, 2995, 7807, 898, 51442, 10604, 8021, 2842, 1816, 1921, 985080, 24371, 36713, 7274, 26157, 34379, 607616, 6262, 62743, 29, 489, 357894, 237193, 70, 191, 44483, 97836, 1102323, 18715, 225544, 26361, 71322, 245183, 33083, 97282, 516676, 9815, 11282, 61702, 259322, 225085, 216268, 158230, 14221, 218244, 3150, 164272, 2047, 22745, 221059, 87513, 23319, 153033, 151054, 169, 77, 1063, 2952, 3832, 131, 14]",76,5.609210526315789,92208.17105263156,65,19,2,10.069337
nm0000460,Jeremy Irons,"[7.0, 7.7, 7.3, 6.3, 6.6, 7.5, 5.8, 7.3, 6.3, 7.3, 6.9, 6.9, 6.7, 6.9, 6.8, 8.5, 7.6, 6.6, 6.3, 6.9, 6.5, 3.7, 5.8, 5.4, 6.6, 6.2, 6.8, 7.0, 7.3, 7.1, 6.5, 5.1, 7.5, 7.0, 5.6, 7.2, 6.8, 7.6, 6.8, 8.3, 7.9, 8.6, 7.6, 5.8, 5.2, 6.1, 8.0, 3.6, 8.0, 7.4]","[10133, 2147, 1255, 153, 1423, 48567, 633, 32980, 161, 12360, 8480, 13606, 1882, 18384, 7397, 746726, 323117, 22171, 2840, 42717, 137638, 28999, 341, 2770, 1911, 1956, 84, 11149, 339, 31635, 47343, 113607, 1463, 46570, 29791, 36296, 53508, 25, 15143, 3626, 10, 8, 8, 147277, 5, 2841, 52, 48, 50, 24]",54,6.262962962962964,37252.75925925926,50,7,2,10.06197
nm0124930,Gerard Butler,"[4.9, 6.4, 6.2, 5.7, 7.3, 5.6, 5.5, 6.2, 7.8, 6.0, 7.7, 7.1, 4.5, 6.7, 8.1, 7.3, 5.8, 5.5, 6.5, 7.4, 7.1, 6.2, 5.7, 6.8, 7.2, 7.8, 6.5, 7.4, 5.4, 6.5, 5.4, 7.7, 5.9, 4.6]","[29067, 593, 114658, 1023, 104112, 55593, 112377, 2800, 19755, 30015, 659220, 182991, 657, 27339, 553215, 210493, 119997, 105822, 179394, 236807, 7741, 28576, 26192, 57407, 27615, 249289, 5726, 73, 46525, 222960, 82934, 633, 111724, 16]",41,5.326829268292681,88130.21951219512,34,9,2,9.983768
nm0000492,Jennifer Jason Leigh,"[5.9, 7.2, 6.7, 7.3, 5.5, 5.0, 5.3, 6.3, 6.9, 6.4, 6.7, 6.3, 7.4, 7.3, 6.4, 6.5, 7.5, 6.3, 6.0, 6.7, 6.8, 5.3, 6.4, 6.0, 6.3, 7.7, 6.8, 3.9, 6.1, 6.1, 7.1, 4.9, 5.1, 4.5, 7.2, 7.8, 6.1, 7.4]","[1535, 79168, 14095, 36947, 703, 282, 944, 4100, 4945, 6636, 6812, 26427, 32045, 69484, 3860, 2569, 3691, 3780, 4595, 2877, 83467, 19655, 2933, 730, 7650, 311119, 11255, 277, 17489, 32372, 122863, 7316, 307, 290, 50458, 379846, 1353, 28779]",40,6.027500000000002,34591.35,38,5,1,9.922198
nm0000154,Mel Gibson,"[4.5, 7.0, 6.5, 7.5, 7.6, 5.6, 7.2, 7.1, 6.3, 6.3, 6.3, 7.6, 6.0, 7.2, 5.7, 5.9, 6.8, 6.3, 6.7, 6.7, 7.0, 8.4, 6.7, 6.6, 6.7, 7.0, 5.9, 7.1, 6.6, 7.2, 6.4, 7.2, 6.7, 5.6, 6.6, 6.7, 7.0, 5.6, 6.4, 6.0]","[489, 166698, 2725, 32221, 146515, 1832, 16904, 20105, 2571, 5384, 111410, 208424, 25137, 140562, 23716, 34243, 19093, 39518, 138653, 24720, 89886, 827856, 137828, 106169, 82887, 153749, 19343, 119583, 137157, 225501, 172036, 114046, 296854, 7505, 81022, 43300, 93950, 65579, 46601, 17109]",45,5.8711111111111105,88864.02222222222,40,12,2,9.872829
nm0350453,Jake Gyllenhaal,"[7.8, 6.3, 6.7, 8.1, 5.6, 6.5, 6.4, 6.8, 7.7, 7.0, 7.7, 6.6, 6.7, 7.1, 6.8, 7.5, 7.0, 8.1, 7.4, 7.7, 6.9, 7.9, 7.0, 7.4, 7.5, 6.6, 8.1]","[70744, 5556, 12571, 651117, 27352, 40056, 363327, 39146, 282151, 154859, 355279, 241536, 157632, 96994, 50277, 424427, 68285, 469259, 183005, 200740, 124686, 361009, 18728, 54980, 169967, 148383, 106]",35,5.511428571428571,136347.77142857143,27,11,2,9.761988
nm0004851,Penélope Cruz,"[7.2, 6.5, 5.7, 5.3, 6.1, 6.1, 6.7, 6.8, 5.2, 4.9, 7.8, 6.4, 5.8, 5.9, 6.9, 5.3, 5.8, 7.6, 5.9, 6.9, 6.5, 5.7, 6.0, 7.1, 6.6, 5.8, 6.3, 5.7, 6.2, 5.1, 7.6, 5.9, 5.7, 5.8, 7.2, 6.8, 6.6, 7.4, 4.7, 6.3, 5.3, 3.9, 5.0, 6.6, 6.4, 5.8]","[8046, 10335, 204, 113, 278, 194, 452, 1413, 610, 398, 56922, 2157, 12001, 289, 3056, 9133, 788, 214196, 29862, 222113, 4965, 4441, 82771, 7055, 13309, 95859, 7905, 30926, 1812, 36275, 83456, 7808, 2489, 39519, 33993, 20458, 418490, 13494, 53909, 75470, 87856, 8, 1048, 87385, 2809, 185]",50,5.6560000000000015,35725.1,46,5,1,9.761514
nm0383603,Freddie Highmore,"[7.1, 6.0, 5.6, 6.7, 6.3, 6.6, 7.5, 2.2, 5.3, 5.8, 6.1, 6.6, 6.5, 6.1]","[12881, 28299, 4442, 360042, 28326, 75955, 94780, 8089, 6370, 414, 4910, 50911, 624, 1627]",15,5.626666666666665,45178.0,14,2,2,9.67568
nm1200692,Eva Green,"[7.2, 7.2, 5.4, 8.0, 6.2, 6.2, 6.7, 6.4, 6.2, 7.1, 6.7, 6.4, 6.7, 6.6, 5.1]","[92335, 237193, 6057, 512001, 15657, 217364, 17094, 11592, 247829, 47763, 124509, 23843, 30096, 272, 490]",17,5.770588235294119,93182.0588235294,15,5,1,9.66876
nm0000226,Will Smith,"[4.9, 6.9, 6.8, 7.0, 7.3, 7.3, 4.8, 6.1, 6.7, 6.6, 6.8, 6.0, 7.1, 8.7, 6.6, 6.4, 8.0, 7.2, 7.6, 6.1, 6.8, 4.9, 6.6, 7.1, 6.8, 6.5]","[12953, 17705, 191099, 468975, 446352, 203159, 138741, 289666, 48621, 193835, 84447, 145056, 433522, 71, 264393, 384026, 378643, 593727, 254753, 463406, 288078, 172570, 177466, 69221, 65575, 110391]",34,5.105882352941176,173425.0294117647,26,12,2,9.58187
nm0252961,Idris Elba,"[6.5, 5.7, 4.4, 6.4, 5.5, 6.2, 7.3, 4.3, 5.2, 4.9, 5.3, 5.7, 7.0, 7.4, 5.6, 6.4, 7.1, 6.3, 5.8, 5.2, 8.0, 5.7, 7.5, 7.6, 6.5]","[319, 39381, 1879, 79454, 6315, 7274, 210493, 96699, 1717, 25086, 1208, 80378, 415378, 569, 14652, 33091, 23544, 25754, 33165, 401, 334129, 2608, 219241, 28794, 33]",26,5.9038461538461515,64675.46153846153,25,6,2,9.527709
nm0000113,Sandra Bullock,"[3.9, 4.6, 5.6, 5.0, 6.6, 3.5, 6.3, 6.3, 7.1, 7.2, 5.9, 6.7, 6.0, 7.4, 5.2, 5.9, 3.8, 6.2, 7.0, 5.4, 5.7, 6.0, 6.2, 6.1, 6.0, 6.1, 7.8, 5.0, 6.8, 7.1, 5.9, 6.9, 7.7, 4.8, 6.1, 6.7, 7.8, 6.4, 6.6, 6.5]","[423, 299, 11293, 797, 136328, 2204, 6186, 20238, 2568, 284556, 52761, 78944, 7319, 111465, 4825, 21148, 65236, 61612, 100642, 28672, 6262, 37764, 154854, 46963, 16324, 93297, 384619, 57887, 123176, 15052, 66222, 88986, 248124, 35486, 16995, 253020, 654797, 175124, 145047, 24]",45,5.417777777777778,80389.75555555557,40,9,1,9.474703
nm1212722,Benedict Cumberbatch,"[6.3, 7.5, 6.9, 7.8, 7.6, 7.2, 6.0, 9.0, 6.2, 8.0, 6.4, 7.3, 6.3, 7.3, 6.5, 6.5, 8.6]","[120, 385501, 145102, 429645, 5963, 128059, 2303, 1526, 33417, 565510, 381, 340, 346, 951, 1798, 81, 1247]",26,4.669230769230769,65472.69230769231,17,2,2,9.464394
nm0000163,Dustin Hoffman,"[8.0, 4.1, 6.6, 7.9, 7.6, 7.5, 5.7, 6.5, 8.0, 7.6, 8.0, 7.5, 7.4, 6.3, 7.8, 7.4, 4.2, 8.0, 5.7, 5.9, 6.7, 6.5, 6.6, 5.7, 6.2, 6.1, 7.1, 6.7, 6.7, 7.1, 7.5, 7.6, 6.1, 7.6, 6.2, 6.7, 7.3, 5.8, 7.3, 7.1, 7.3, 6.7, 7.0]","[226478, 286, 1673, 84091, 28977, 49280, 688, 723, 104557, 12180, 83941, 49236, 6233, 2388, 109058, 84397, 9198, 416437, 10429, 10222, 200530, 18906, 96752, 3123, 17476, 88888, 71693, 12571, 31531, 81868, 207016, 199507, 32817, 347832, 38159, 18952, 208269, 16, 26, 99928, 160686, 4971, 20027]",43,6.820930232558139,75628.27906976744,43,15,2,9.457977
nm0000210,Julia Roberts,"[6.2, 7.2, 6.6, 7.0, 5.9, 6.7, 6.2, 6.6, 5.2, 5.1, 5.7, 6.8, 5.8, 7.2, 6.7, 6.3, 6.7, 7.1, 5.5, 7.3, 6.1, 7.8, 5.7, 7.1, 4.7, 6.5, 6.5, 7.3, 6.3, 5.9, 7.1, 8.1, 5.7, 5.7, 6.2, 7.2, 6.1, 5.6, 6.2, 6.5, 8.0, 5.6]","[20557, 38144, 70318, 239428, 12849, 200530, 41594, 65224, 10284, 13143, 11266, 32224, 12657, 26157, 82887, 108685, 51672, 226037, 81620, 148478, 93084, 443692, 50289, 75771, 8973, 67202, 311574, 180766, 31084, 32545, 95564, 210, 102007, 71512, 43642, 74901, 54852, 75907, 31168, 76257, 41039, 24174]",49,5.50408163265306,71019.73469387754,42,9,1,9.418409
nm0914612,Emma Watson,"[7.4, 7.8, 7.7, 7.5, 7.6, 6.1, 7.7, 8.1, 8.0, 5.8, 5.6, 7.3, 5.7, 7.1, 5.3]","[446004, 441093, 442519, 409293, 374549, 32817, 381262, 628040, 396098, 217661, 74130, 197681, 29343, 35578, 56181]",15,6.98,277483.26666666666,15,20,1,9.403018
nm0004695,Jessica Alba,"[5.7, 6.2, 3.9, 6.5, 6.6, 5.3, 5.8, 8.0, 5.4, 5.6, 6.5, 5.6, 5.9, 6.3, 5.0, 3.8, 5.7, 6.1, 6.6, 5.4, 3.5, 5.8, 5.6, 5.7, 4.7]","[283928, 35662, 2022, 67149, 7432, 39397, 67401, 695753, 47032, 78477, 129482, 227203, 22217, 18412, 15700, 45490, 102007, 30403, 175447, 3589, 17795, 10024, 65579, 57674, 6054]",25,5.647999999999999,90053.16,25,7,1,9.392891
nm0000132,Claire Danes,"[7.3, 5.5, 6.8, 5.8, 5.4, 7.1, 6.4, 4.2, 6.3, 5.5, 7.0, 6.4, 6.3, 7.2, 5.7, 7.7, 6.5, 6.8, 5.9, 7.4]","[40387, 2472, 183932, 4249, 2904, 51337, 19760, 8053, 331268, 7412, 30148, 22085, 53552, 9234, 10267, 227969, 12232, 9864, 4653, 57]",20,6.360000000000001,51591.75,20,4,1,9.361316
nm0000705,Robin Wright,"[8.1, 7.3, 5.3, 6.4, 5.0, 8.8, 6.3, 6.5, 5.8, 4.8, 5.9, 6.2, 7.0, 7.2, 7.2, 5.6, 6.8, 6.3, 6.2, 6.5, 7.5, 6.9, 6.4, 7.6, 6.5, 6.8, 6.2, 7.9]","[329181, 18153, 180, 995, 28092, 1446952, 11433, 3621, 9327, 487, 7404, 31586, 3257, 288094, 27074, 7505, 12526, 1332, 149839, 20779, 373969, 25340, 11774, 307616, 14799, 63831, 26993, 32]",28,6.607142857142858,115077.53571428572,28,14,1,9.317412
nm2539953,Alicia Vikander,"[7.7, 6.2, 7.1, 5.5, 7.6, 7.3, 7.0, 7.3, 5.9, 6.2, 6.4, 6.5, 7.2, 5.8, 8.0, 6.6, 7.3, 6.6, 6.1]","[372350, 8158, 125370, 62817, 38322, 20189, 3328, 219729, 2182, 33417, 1901, 22214, 37103, 328, 52, 171035, 1494, 272, 58]",22,5.831818181818181,50923.59090909091,19,3,1,9.242971
nm1046097,Rachel McAdams,"[6.6, 6.1, 5.5, 7.9, 7.0, 7.0, 6.5, 7.1, 7.1, 6.3, 7.0, 7.6, 6.5, 7.5, 5.4, 7.5, 5.9, 7.7, 6.8, 7.8, 7.4, 5.3, 8.1, 6.8, 7.8, 6.4, 7.0]","[1397, 227, 80679, 440587, 277426, 300034, 100544, 125286, 120613, 8428, 12436, 520976, 63538, 385501, 48220, 372204, 23881, 335359, 163089, 44013, 183005, 18768, 308218, 63831, 236034, 39, 279]",28,6.6285714285714326,151236.14285714287,27,18,1,9.174288
nm0000199,Al Pacino,"[7.1, 9.2, 7.3, 7.8, 9.0, 8.0, 5.9, 7.4, 6.4, 6.1, 8.3, 5.2, 6.3, 6.8, 6.1, 7.6, 6.7, 7.8, 8.0, 7.9, 8.2, 6.3, 6.2, 7.3, 7.5, 7.8, 7.9, 6.8, 6.1, 5.5, 7.2, 6.6, 7.1, 5.9, 6.2, 3.4, 6.0, 6.5, 5.1, 5.6, 7.0, 5.6, 5.1, 5.3, 6.8]","[13320, 1308109, 12830, 89630, 902932, 203931, 3199, 25702, 14827, 4451, 607411, 5501, 1264, 32673, 51109, 303783, 24816, 83937, 215182, 176159, 482042, 2948, 17745, 3267, 284716, 243540, 143174, 103026, 54601, 10328, 240120, 120232, 31635, 69406, 39217, 66319, 77375, 48531, 15183, 5392, 25397, 6052, 4148, 11633, 3063]",47,6.465957446808512,131699.06382978722,45,25,2,9.120304
nm0000191,Ewan McGregor,"[7.3, 5.3, 6.7, 7.1, 8.2, 6.4, 6.2, 5.8, 4.9, 7.0, 6.5, 6.6, 7.6, 6.3, 7.0, 6.1, 7.6, 7.7, 6.5, 6.3, 8.0, 6.3, 5.6, 7.9, 6.9, 6.1, 6.9, 7.3, 7.0, 6.4, 6.7, 6.1, 6.7, 5.2, 5.9, 6.6, 5.8, 7.2, 6.2, 6.3, 7.1, 6.8, 5.8, 7.2, 7.6, 7.8, 7.0, 5.9, 9.4, 6.5, 7.3, 5.5, 5.6, 7.1]","[49989, 2264, 11237, 16826, 545175, 31809, 17210, 1419, 13765, 29689, 607616, 531512, 592582, 8408, 14618, 1473, 240954, 320108, 12196, 35703, 374591, 114062, 17614, 1165, 66680, 10507, 278908, 29, 25403, 7610, 46657, 34874, 237777, 1122, 7760, 83808, 10770, 142207, 116563, 116007, 47763, 55795, 76259, 80300, 164579, 1941, 112, 16720, 11, 22214, 76487, 55733, 2712, 287]",58,6.220689655172415,92751.37931034484,54,19,2,9.119134
nm0000170,Milla Jovovich,"[5.1, 5.8, 7.7, 5.9, 6.7, 6.9, 6.4, 6.8, 5.7, 5.9, 5.5, 6.2, 4.4, 6.3, 6.5, 6.5, 5.9, 5.9, 5.4, 5.8, 5.8, 5.2, 6.2, 5.4, 5.6, 3.8, 5.6, 6.4]","[15557, 8570, 378375, 19343, 219891, 38984, 59120, 6032, 7584, 2219, 6352, 167386, 74240, 165245, 60515, 9550, 67115, 145977, 37108, 94807, 16876, 1646, 2386, 118901, 64282, 3099, 25804, 96]",32,5.165625,56783.125,28,4,1,9.092948
nm0785227,Andy Serkis,"[5.6, 5.4, 6.2, 6.1, 6.1, 6.1, 5.6, 5.9, 7.9, 7.4, 7.6, 6.6, 4.9, 7.6, 7.5]","[185, 94, 1509, 136126, 10771, 65594, 376, 1202, 689946, 191546, 449874, 3597, 4986, 366602, 155683]",20,4.824999999999998,103904.55,15,4,2,9.053864
nm0001337,Katherine Heigl,"[5.4, 5.4, 5.1, 3.6, 5.4, 5.9, 5.8, 4.5, 4.2, 7.0, 6.1, 6.6, 5.4, 6.5, 5.3, 5.8, 5.6, 5.4, 5.8, 5.5, 5.0]","[9394, 38830, 1847, 750, 44335, 19315, 32600, 355, 892, 317832, 136093, 105959, 78068, 179394, 36745, 22745, 41680, 11932, 3017, 8203, 8050]",21,5.490476190476191,52287.428571428565,21,3,1,8.889408
nm0000178,Diane Lane,"[7.5, 6.9, 6.1, 6.9, 3.0, 5.8, 7.2, 6.5, 6.7, 5.9, 6.0, 4.7, 5.4, 6.1, 5.6, 6.5, 5.9, 5.8, 6.1, 6.1, 6.0, 6.6, 7.0, 6.4, 6.4, 6.8, 5.8, 6.7, 6.8, 6.6, 5.9, 6.5, 6.0, 7.1, 6.2, 6.0, 7.2, 6.1, 7.5, 5.6, 5.8, 6.4]","[4421, 342, 418, 2004, 835, 2216, 26752, 13858, 14172, 1518, 733, 234, 613, 6540, 588, 4383, 5451, 50099, 814, 25322, 536, 7155, 17660, 141080, 24265, 69, 27554, 69185, 40036, 5816, 27875, 30574, 19290, 606133, 43344, 19859, 22678, 5366, 63175, 5, 4317, 3832]",44,5.956818181818181,30479.931818181816,42,5,1,8.882446
nm0001191,Adam Sandler,"[1.9, 6.1, 6.4, 5.8, 7.0, 6.1, 6.8, 6.4, 5.3, 5.3, 7.3, 5.8, 6.2, 6.8, 6.4, 6.4, 6.4, 7.5, 6.0, 3.4, 7.1, 5.5, 6.1, 6.5, 6.3, 5.6, 6.0, 6.4, 5.6, 5.4, 3.9, 4.8, 6.7, 5.8, 5.7, 7.0, 5.1]","[11172, 40902, 114294, 31630, 169751, 129654, 118292, 175090, 86723, 19361, 122179, 120145, 182838, 288510, 70196, 268259, 142318, 87708, 127717, 66319, 185330, 168883, 77932, 98545, 105358, 77446, 197971, 189259, 109340, 119828, 8, 33846, 76897, 43545, 28203, 20027, 9502]",39,5.610256410256411,100384.05128205127,37,12,2,8.880203
nm0705356,Daniel Radcliffe,"[7.6, 7.4, 7.8, 7.7, 7.5, 7.6, 6.6, 7.7, 8.1, 6.5, 6.8, 6.5, 6.4, 6.0, 6.7, 7.0, 6.5]","[515491, 446004, 441093, 442519, 409293, 374549, 11012, 381262, 628040, 30233, 59711, 65095, 156761, 42484, 21830, 76416, 32846]",24,5.016666666666667,172276.625,17,7,2,8.844077
nm0000123,George Clooney,"[5.2, 7.3, 6.5, 3.7, 5.9, 7.1, 7.0, 6.3, 6.4, 7.8, 7.8, 7.1, 6.4, 6.2, 6.5, 7.0, 6.0, 7.8, 7.5, 6.1, 7.3, 6.3, 6.9, 7.0, 7.0, 7.3, 7.1, 7.4, 6.2, 6.3, 7.8, 6.5, 6.1, 6.5]","[5942, 242324, 38694, 205985, 49088, 147060, 76173, 81880, 141080, 246886, 443692, 75771, 13077, 71838, 311574, 116225, 29054, 159140, 87730, 22469, 143239, 99259, 279836, 269601, 179, 216165, 200996, 287176, 116563, 84024, 654797, 151222, 111908, 76257]",35,6.494285714285716,150197.25714285715,34,22,2,8.834375
nm0000237,John Travolta,"[7.4, 6.8, 7.2, 2.9, 6.2, 7.4, 4.5, 4.8, 4.3, 4.7, 5.8, 4.5, 5.1, 5.3, 5.1, 4.3, 8.9, 6.9, 5.2, 6.0, 5.7, 6.4, 7.3, 6.2, 6.7, 5.9, 6.5, 6.3, 2.4, 5.0, 4.8, 6.5, 5.5, 6.5, 6.5, 6.5, 7.2, 5.7, 6.9, 6.7, 6.5, 5.9, 5.4, 6.4, 6.5, 5.4, 6.9, 5.7, 5.3, 6.0, 5.2]","[140116, 59830, 190130, 935, 11087, 32803, 12349, 3379, 3756, 2029, 68925, 39696, 765, 967, 1622, 24257, 1495708, 67338, 4243, 82142, 36885, 67801, 307164, 17476, 25016, 7404, 24700, 46249, 69080, 9049, 14, 163486, 22465, 53548, 135424, 50870, 23233, 62411, 161842, 106382, 18691, 105547, 33099, 163269, 103296, 31373, 84, 10093, 9310, 10556, 2890]",54,5.549999999999999,76310.81481481482,51,12,2,8.809541
nm0000255,Ben Affleck,"[5.6, 7.3, 5.7, 8.3, 6.6, 7.3, 5.9, 5.4, 6.4, 5.7, 5.7, 5.5, 6.1, 5.4, 6.9, 6.5, 5.3, 2.4, 6.2, 6.3, 5.6, 6.5, 7.1, 7.6, 6.9, 7.7, 6.8, 6.2, 5.9, 7.4, 8.1, 6.4, 5.6, 6.6]","[3117, 120986, 1703, 697323, 350654, 191606, 13633, 28672, 92275, 33649, 18524, 4183, 277881, 19456, 135750, 61202, 188407, 43257, 57933, 94775, 6826, 30574, 120613, 304825, 188698, 502815, 39217, 40076, 23881, 204888, 684739, 39699, 56016, 521063]",38,5.655263157894736,136813.57894736846,34,15,2,8.795426
nm1297015,Emma Stone,"[6.6, 7.2, 5.8, 5.5, 7.0, 7.7, 5.4, 7.1, 6.7, 4.3, 4.2, 8.1, 7.4, 6.7, 6.6, 6.6, 8.1, 6.8]","[16651, 166542, 73353, 69693, 493480, 427670, 48220, 308506, 187259, 87289, 12394, 360522, 412467, 360032, 54966, 45238, 349059, 24679]",22,5.3545454545454545,159000.9090909091,18,8,1,8.769131
nm1631269,Chloë Grace Moretz,"[4.2, 7.2, 5.1, 7.5, 7.7, 4.8, 4.9, 5.7, 7.2, 7.7, 6.8, 5.7, 6.6, 5.9, 6.4, 5.2, 6.2, 6.7, 8.1, 5.2, 6.6, 5.7, 6.8, 6.3]","[3377, 260204, 7390, 269460, 416638, 1418, 2307, 17113, 100860, 473136, 98431, 16393, 224131, 118090, 35732, 80963, 34437, 22557, 24787, 3778, 4231, 88383, 337, 1803]",28,5.364285714285716,82355.57142857142,24,6,1,8.72967
nm0935541,Mary Elizabeth Winstead,"[6.4, 5.8, 7.5, 4.6, 5.5, 6.2, 7.2, 5.3, 6.8, 5.8, 6.7, 7.0]","[138, 112909, 310120, 21791, 5535, 104403, 225840, 178783, 14949, 2560, 6314, 76416]",15,4.986666666666666,70650.53333333334,12,2,1,8.556833
nm0788335,Michael Shannon,"[5.5, 5.7, 6.1, 7.1, 7.3, 6.6, 6.2, 6.3, 6.0, 7.0, 6.9, 6.5, 6.8, 6.5, 7.4, 6.1, 5.2, 6.4, 6.4, 6.0, 6.6, 5.9, 7.1, 5.2, 4.8, 4.1, 7.5, 5.5, 7.8, 7.7]","[17, 8698, 29865, 606133, 8516, 42211, 1358, 8344, 3988, 7174, 61592, 101615, 57407, 9344, 77845, 798, 1068, 10625, 381, 5657, 61490, 8154, 23615, 1652, 50, 1540, 169967, 543, 71021, 33]",32,5.94375,43146.90625,30,5,2,8.529508
nm0266824,Dakota Fanning,"[6.1, 7.6, 3.8, 7.7, 7.7, 6.1, 5.9, 7.4, 6.5, 6.3, 6.3, 7.3, 6.9, 6.1, 5.7, 6.6, 5.9, 6.1, 7.3, 7.1, 6.0, 7.2, 6.0, 5.1, 6.8, 6.6]","[31299, 130546, 40533, 166101, 289984, 10507, 74980, 1902, 364432, 31084, 5479, 21516, 10783, 96474, 6499, 42211, 3108, 5366, 23, 22729, 12187, 29709, 11613, 3505, 12, 1699]",27,6.2259259259259245,52380.77777777778,26,5,1,8.449239
nm0799777,J.K. Simmons,"[6.3, 7.5, 6.1, 6.2, 5.6, 7.0, 6.4, 7.6, 3.4, 7.4, 6.6, 8.5, 5.8, 8.1, 7.5, 7.4, 5.4, 5.6, 7.2, 6.3, 7.4, 5.7, 6.4, 7.5]","[75, 33, 93084, 89896, 19172, 7025, 1480, 6705, 637, 204888, 19666, 529869, 2953, 349059, 5926, 28, 2680, 531, 16, 8480, 60500, 4172, 349, 38]",30,5.296666666666667,46908.73333333333,24,3,2,8.446339
nm0000201,Michelle Pfeiffer,"[5.2, 6.3, 4.2, 8.3, 6.5, 7.0, 5.7, 6.2, 6.5, 7.6, 6.1, 6.0, 6.8, 6.1, 6.7, 7.0, 6.7, 7.2, 6.2, 6.4, 6.5, 5.8, 6.1, 6.0, 6.3, 7.0, 6.5, 5.9, 6.6, 6.7, 7.6, 7.2, 6.7, 6.0, 6.2, 6.3, 6.2, 5.7, 7.1, 6.3, 6.7, 6.6]","[303, 3639, 28623, 607411, 8728, 36974, 2328, 8873, 52873, 56810, 13637, 25137, 19130, 12505, 24816, 237207, 3147, 40207, 46814, 41724, 38694, 4249, 12116, 4595, 11307, 100642, 22370, 19436, 105051, 40845, 130546, 27074, 106382, 15384, 217364, 7542, 9506, 72633, 37244, 97215, 99942, 78]",43,6.295348837209303,57002.348837209305,42,9,1,8.444419
nm0068338,Kristen Bell,"[6.3, 5.0, 4.7, 5.6, 6.6, 7.2, 5.4, 5.6, 5.8, 6.1, 4.6, 5.7, 7.5, 5.4, 6.8, 6.2, 5.6]","[28326, 2479, 26179, 1206, 52423, 233585, 7129, 54676, 44231, 31259, 3229, 12625, 476696, 33109, 44663, 86219, 15890]",21,4.766666666666668,54948.761904761916,17,2,1,8.435428
nm0564215,James McAvoy,"[4.8, 7.0, 6.0, 7.1, 7.9, 7.7, 6.8, 6.7, 6.7, 7.8, 7.0, 6.9, 7.8, 7.1, 7.1, 6.9, 6.1, 8.0, 6.9, 6.0, 6.7, 7.0, 5.8, 7.0, 6.3, 7.3]","[418, 3733, 46095, 51325, 12698, 157665, 54650, 19450, 323021, 212819, 16260, 25340, 571500, 41791, 86816, 7735, 29296, 577465, 100684, 42484, 106134, 310068, 328, 7072, 9892, 249830]",29,6.151724137931034,105674.79310344828,26,10,2,8.434397
nm0000142,Clint Eastwood,"[5.3, 5.8, 8.0, 8.3, 8.9, 7.0, 6.5, 6.7, 7.0, 7.7, 7.7, 7.2, 7.8, 7.0, 7.6, 6.5, 7.2, 7.1, 6.4, 6.8, 7.9, 6.4, 6.3, 7.6, 6.0, 6.1, 5.9, 6.6, 6.6, 5.5, 6.3, 7.3, 6.8, 6.3, 5.3, 5.9, 6.7, 8.2, 7.2, 7.5, 6.6, 7.6, 6.7, 7.1, 6.6, 6.4, 6.4, 8.1, 8.2, 6.8, 9.4]","[439, 496, 164970, 182457, 566224, 28690, 12913, 10217, 19293, 44306, 38593, 12645, 124270, 21272, 41325, 13892, 47592, 17772, 14503, 35283, 55718, 17534, 19297, 96429, 14573, 9094, 21695, 6692, 34407, 7627, 12863, 44078, 33609, 33971, 9458, 22032, 9478, 312088, 80088, 63085, 24, 60386, 43249, 136, 27783, 64799, 37212, 542585, 624196, 52733, 13]",52,6.8230769230769255,72193.92307692308,51,17,2,8.399286
nm0000216,Arnold Schwarzenegger,"[3.2, 5.7, 5.4, 6.9, 5.9, 8.0, 6.7, 5.0, 5.5, 7.8, 6.7, 6.1, 6.0, 6.1, 7.5, 8.5, 6.3, 4.6, 7.2, 6.1, 5.5, 3.7, 5.7, 6.3, 5.9, 5.5, 6.7, 6.5, 6.4, 5.7, 5.6, 6.3, 5.7, 6.0, 4.7]","[15072, 3360, 5517, 121797, 67302, 673342, 124527, 33339, 25419, 319441, 122720, 54918, 96367, 117683, 262401, 833913, 116786, 57871, 207302, 91578, 77890, 205985, 95579, 331268, 106157, 65628, 196461, 218061, 121892, 52326, 36171, 9, 13201, 42, 5103]",41,5.156097560975608,118937.26829268293,35,11,2,8.396224
nm0005377,Sam Rockwell,"[5.8, 7.3, 5.6, 5.4, 6.0, 7.6, 6.0, 6.6, 6.4, 5.0, 7.1, 6.4, 5.2, 7.3, 6.8, 6.1, 6.9, 7.1, 5.9, 7.7, 6.5, 4.9, 7.9, 7.2, 6.6, 5.7, 5.8, 6.3, 7.2, 6.4, 6.3, 4.6, 5.4, 7.5, 8.3, 5.7]","[3706, 4732, 3117, 214, 71, 6714, 2912, 1668, 10, 557, 75771, 13077, 26, 113479, 168236, 838, 11496, 53708, 10718, 93530, 29694, 48461, 289892, 37883, 5319, 63510, 9197, 12529, 206985, 35732, 35449, 554, 3514, 39, 102044, 141]",42,5.488095238095238,34417.21428571428,36,4,2,8.390189
nm0000213,Winona Ryder,"[6.1, 6.2, 7.3, 7.9, 6.6, 5.9, 7.8, 7.5, 7.2, 6.9, 7.3, 6.6, 6.2, 4.8, 6.8, 6.2, 4.8, 7.4, 5.5, 5.8, 7.1, 6.0, 5.0, 6.3, 8.0, 6.4, 7.0, 5.2, 6.9, 5.3, 3.7, 6.5]","[752, 13673, 69518, 392005, 24343, 4148, 46074, 159924, 40207, 18384, 40387, 39376, 9381, 3179, 31395, 195502, 9800, 138356, 21951, 120145, 95903, 9123, 15700, 2808, 606387, 11774, 83020, 2994, 61592, 46474, 1279, 92533]",34,6.005882352941178,70826.08823529411,32,8,1,8.388365
nm2552034,Melissa Benoist,"[8.5, 6.5, 7.9]","[529869, 32, 38]",3,7.633333333333333,176646.33333333337,3,3,1,8.366823
nm0000161,Salma Hayek,"[7.6, 7.2, 4.9, 6.9, 6.0, 5.8, 7.4, 5.0, 4.8, 6.8, 6.1, 6.2, 6.1, 4.4, 6.4, 6.3, 5.8, 5.7, 6.5, 6.7, 5.9, 6.0, 6.7, 7.1, 6.4, 5.8, 6.1, 5.1, 6.4, 6.0, 5.9, 6.2]","[2365, 150701, 2425, 144, 29334, 29182, 69068, 1604, 138741, 922, 3620, 6096, 1126, 1842, 139118, 40613, 8512, 30926, 18691, 124900, 38335, 197971, 39463, 3150, 78849, 10024, 2212, 14620, 19841, 2881, 8210, 5426]",34,5.770588235294117,35909.17647058824,32,4,1,8.242499
nm0001467,Jared Leto,"[6.3, 6.1, 6.8, 5.5, 6.3, 8.3, 7.6, 6.5, 7.9, 8.0, 6.1]","[1611, 1596, 6257, 51673, 5556, 647455, 265861, 18691, 179735, 373279, 463406]",17,4.435294117647058,118536.47058823529,11,3,2,8.229862
nm1567113,Jessica Chastain,"[6.8, 6.8, 8.6, 6.5, 5.7, 6.9, 7.4, 7.0, 7.4, 6.2, 4.5, 6.1, 6.5, 5.5, 7.0, 6.8, 8.0, 7.0, 6.3, 7.6, 7.5, 5.7, 6.8]","[148819, 674, 1141867, 3441, 16393, 7735, 77845, 22418, 235879, 149883, 1121, 75858, 108048, 4014, 54297, 1267, 603785, 7072, 9892, 28794, 37112, 141, 866]",30,5.153333333333333,91240.7,23,6,1,8.228729
nm0001084,Ice Cube,"[6.2, 7.3, 4.7, 4.5, 7.1, 6.1, 4.9, 4.9, 5.8, 5.8, 6.3, 4.0, 4.4, 5.7, 4.6, 4.1, 4.4, 5.2, 5.3, 7.2, 6.2, 7.0, 5.9, 5.6, 5.9, 9.0]","[8599, 83929, 81368, 1704, 147060, 30900, 541, 45957, 10466, 21746, 25025, 24928, 60017, 11625, 25009, 17060, 8388, 3370, 1215, 450417, 87269, 296515, 42630, 27365, 11362, 23]",35,4.231428571428572,43556.8,26,2,2,8.215408
nm0749263,Mark Ruffalo,"[5.7, 5.0, 6.9, 5.3, 2.6, 6.0, 5.2, 6.9, 7.6, 6.1, 6.3, 7.6, 5.5, 6.7, 7.7, 6.5, 6.7, 7.0, 6.8, 6.6, 7.0, 8.1, 6.6, 5.7, 7.3, 8.1, 6.4, 7.0, 7.4, 7.4, 8.0, 6.5, 8.0, 7.3]","[261, 532, 359, 19655, 170, 2898, 22783, 61232, 22294, 136126, 8593, 317303, 45033, 88782, 355279, 14018, 20002, 116869, 44525, 63170, 119382, 911631, 10434, 1686, 517226, 308218, 22766, 12861, 119749, 559421, 13, 183487, 234150, 68]",36,6.263888888888888,120582.66666666669,34,16,2,8.208924
nm0000899,Monica Bellucci,"[5.3, 7.5, 5.7, 6.6, 5.5, 4.9, 4.7, 6.1, 6.3, 6.6, 6.0, 6.5, 4.4, 4.8, 7.5, 6.6, 7.4, 6.6, 6.5, 7.2, 5.9, 5.5, 5.3, 5.7, 4.8, 6.3, 6.7, 5.8, 5.5, 7.2, 6.3, 5.9, 5.7, 5.9, 5.0, 6.6, 6.6, 6.2]","[391, 12247, 188, 15173, 126, 387, 141, 826, 458, 62, 437, 19593, 276, 328, 73534, 41595, 97403, 100719, 3724, 191398, 105410, 3987, 6672, 5813, 2049, 1070, 136098, 997, 1749, 27679, 780, 5741, 632, 3404, 1639, 5239, 2521, 571]",40,5.74,21776.425,38,3,1,8.208214
nm0447695,Anna Kendrick,"[6.7, 5.6, 4.1, 7.4, 7.7, 5.8, 5.3, 6.4, 7.0, 6.5, 7.7, 5.2, 7.2, 6.3, 7.4, 6.0, 6.1, 5.9, 6.0, 6.4, 5.5, 6.4, 6.5, 6.2]","[12180, 2760, 1920, 287176, 289395, 16019, 17419, 42992, 81363, 54488, 200740, 9958, 238628, 35449, 204888, 115235, 50689, 7872, 65565, 117874, 6625, 31172, 8108, 12262]",28,5.4035714285714285,68242.03571428571,24,5,1,8.206698
